De,0.77557836,0.110508762
Mexicaanse,0.886087123,0.763910502
hond,1.649997625,0.421467863
Meneer,4.037728319,0.261222269
Kuisters,4.356024362,0.621226069
van,4.977250431,0.127318417
de,5.104568848,0.076830079
viswinkel,5.181398928,0.698056149
waar,6.338240407,0.118537837
ik,6.456778243,0.103171821
af,6.559950064,0.151465013
en,6.711415077,0.100976676
toe,6.812391753,0.109757256
vrijdagsmiddags,6.922149009,0.800119197
na,7.722268206,0.212929077
school,7.935197283,0.27439314
gesneden,8.209590423,0.505230944
zalm,8.714821367,0.357808655
voor,9.072630022,0.114147546
mijn,9.186777568,0.149269868
moeder,9.336047437,0.208538787
moest,9.544586223,0.228295093
halen,9.772881316,0.390735832
was,10.83987368,0.118537837
een,10.95841151,0.08561066
lange,11.04402217,0.428053299
schonkige,11.7750055,0.63000665
man,12.40501215,0.401711557
wiens,12.83526059,0.291954301
gezicht,13.12721489,0.425858154
hoofdzakelijk,13.55307305,0.71339999
uit,14.26647304,0.206343641
plooien,14.53867103,0.344637784
bestond.,14.88330882,0.526834829
Zijn,16.45444553,0.144879578
hoofd,16.5993251,0.346832929
met,16.94615803,0.145710839
de,17.09186887,0.037317467
steile,17.12918634,0.508176096
rossige,17.63736244,0.446712032
kuif,18.17534677,0.384150396
hing,18.89261044,0.164635884
wat,19.05724633,0.158050449
naar,19.21529677,0.111305749
voren,19.32660252,0.354515937
tussen,19.75794854,0.214558748
zijn,19.97250729,0.17561161
opgetrokken,20.24031499,0.563054724
schouders.,20.80336972,0.627811505
Hij,22.40762933,0.082317942
sneed,22.48994728,0.429150871
de,22.91909815,0.084513087
zalm,23.00361124,0.241465963
met,23.2450772,0.166831029
een,23.41190823,0.099879103
smal,23.51178733,0.49281008
in,24.35991732,0.09878153
het,24.45869885,0.116342691
midden,24.57504154,0.279881003
uitgesleten,24.85492255,0.729885753
mes,25.5848083,0.413784855
nam,26.68501024,0.217319367
de,26.9023296,0.060366491
plakjes,27.02525773,0.40280913
tussen,27.45001831,0.27439314
duim,27.72441145,0.276588285
en,28.00099974,0.107562111
wijsvinger,28.10856185,0.634755481
en,29.13477024,0.087805805
legde,29.22257605,0.294149446
ze,29.51672549,0.093293668
behoedzaam,29.61001916,0.554274143
op,30.16429331,0.136098998
elkaar.,30.3003923,0.419272718
Zijn,31.60720976,0.130611135
handen,31.73782089,0.287564011
waren,32.0253849,0.249148971
paarsachtig,32.38319356,0.67281198
rood,33.05600554,0.447983163
en,33.97155461,0.107279487
er,34.0788341,0.083415515
kleefden,34.19956708,0.349028074
schubben,34.54859515,0.357808655
aan.,34.90640381,0.306581285
Iedere,36.07712227,0.296344591
keer,36.41736976,0.176709182
vroeg,36.59407894,0.194270343
hij,36.78834929,0.189880053
me,36.97822934,0.171221319
of,37.3780062,0.109757256
ik,37.48776346,0.08561066
met,37.57337412,0.104269393
Tonia,37.76544931,0.341345066
wilde,38.10679438,0.210733932
spelen.,38.31752831,0.523542112
Ik,39.51779434,0.102074248
zei,39.61986859,0.185489763
dan,39.80535835,0.13719657
dat,39.94255492,0.106464538
ik,40.04901946,0.093293668
niet,40.14231312,0.200855779
kon,40.39585239,0.305125172
omdat,41.02146875,0.160690801
ze,41.18215955,0.156952876
thuis,41.38960076,0.204148496
op,41.59374926,0.080122797
de,41.67387205,0.099879103
zalm,41.77375116,0.293051874
zaten,42.06680303,0.280880484
te,42.38609855,0.081220369
wachten.,42.46731892,0.388540687
Maar,44.11374271,0.139391715
op,44.25313442,0.104269393
een,44.35740382,0.111952401
dag,44.46935622,0.187684908
kon,44.69984645,0.125123272
ik,44.82496973,0.095488813
er,44.92045854,0.09000095
niet,45.01045949,0.156952876
onderuit.,45.16741237,0.484029499
Het,46.07280089,0.08561066
was,46.15841155,0.161343166
druk,46.31975471,0.235978101
in,46.55573281,0.092196095
de,46.64792891,0.060366491
winkel.,46.7082954,0.391833404
Zodra,47.56549957,0.385323886
meneer,47.95082346,0.249148971
Kuisters,48.27350979,0.503785805
me,48.77729559,0.08561066
binnen,48.86290625,0.268253137
zag,49.13115939,0.205246069
komen,49.36384477,0.287564011
duwde,49.65140878,0.378662533
hij,50.03007132,0.158050449
de,50.18812177,0.075536774
schuifdeuren,50.26365854,0.713422165
tussen,51.02427633,0.266710132
winkel,51.29098646,0.295247019
en,51.58623348,0.134718576
huiskamer,51.72095205,0.606957626
een,52.32790968,0.080122797
eindje,52.40803248,0.337313092
open,52.77498003,0.376467388
en,53.615253,0.086708232
zei,53.70196123,0.200855779
dat,53.90281701,0.110854829
ik,54.01367184,0.096586385
maar,54.11025823,0.108659684
door,54.21891791,0.20185526
moest,54.42077317,0.232685383
lopen,54.65345855,0.389638259
want,55.43948331,0.122928127
het,55.56241144,0.105366966
zou,55.66777841,0.111952401
nog,55.77973081,0.13719657
wel,55.91692738,0.108659684
even,56.02558706,0.172318892
duren.,56.19790595,0.482931927
Tonia,57.50747283,0.455492613
is,57.96296544,0.120732982
thuis.,58.13089404,0.469761056
Hij,59.11485115,0.09000095
gaf,59.2048521,0.201953351
me,59.4331472,0.065854354
een,59.49900155,0.096586385
zetje,59.59558794,0.350125647
tegen,59.94571358,0.192075198
mijn,60.13778878,0.136098998
schouder,60.27388778,0.54878628
en,61.11433476,0.140489288
deed,61.25482405,0.186587335
de,61.44141138,0.040610185
deur,61.48202157,0.284271293
achter,61.81129334,0.22719752
me,62.03849086,0.126220844
dicht.,62.1647117,0.358906227
De,63.43394004,0.086708232
kamer,63.57881962,0.297442164
was,63.87626178,0.155855304
donker,64.03211709,0.451102322
en,64.56114706,0.126220844
klein.,64.6873679,0.417077573
Tonia,66.28046704,0.40719942
zat,66.68766646,0.155855304
aan,66.84352176,0.127318417
tafel,67.03559696,0.340247494
naar,67.37584446,0.151465013
haar,67.52730947,0.150367441
handen,67.67767691,0.275490713
te,67.99815712,0.054878628
kijken,68.13206097,0.377564961
die,68.83340984,0.092196095
voor,68.92560594,0.237336123
haar,69.16294206,0.194270343
op,69.3572124,0.12841599
het,69.48562839,0.106551205
pluche,69.65026428,0.282076148
tafelkleed,70.00587779,0.538994794
lagen.,70.54487258,0.413784855
Een,71.90547109,0.155855304
bleek,72.06132639,0.351223219
kind,72.41254961,0.324881478
met,72.77035827,0.115245119
lichte,72.88560339,0.485127072
waterige,73.37073046,0.679016925
ogen,74.04974738,0.401711557
en,74.45145894,0.136098998
vlasachtig,74.58755794,0.868168921
haar.,75.45572686,0.433541162
Ze,77.14669448,0.100976676
zat,77.24767116,0.1800019
bij,77.42767306,0.171221319
me,77.59889438,0.060366491
in,77.65926087,0.09439124
de,77.75365211,0.061464063
klas,77.88865354,0.290856729
en,78.17951026,0.099879103
omdat,78.27938937,0.251344116
iedereen,78.53073348,0.376456414
vond,78.9071899,0.262319842
dat,79.16950974,0.186587335
ze,79.35609707,0.058171346
niet,79.41426842,0.142684433
alleen,79.55695285,0.283173721
op,79.84012657,0.119635409
een,79.95976198,0.117516181
vis,80.07727816,0.252441689
leek,80.32971985,0.276588285
maar,80.60630814,0.167928602
ook,80.77423674,0.193172771
naar,80.96740951,0.125123272
vis,81.09253278,0.308221932
stonk,81.40075471,0.503785805
wilde,82.29856907,0.203050924
niemand,82.50161999,0.497830335
met,82.99945033,0.150367441
haar,83.14981777,0.108659684
spelen.,83.25847745,0.520249394
Wat,85.03551237,0.105366966
kom,85.17051379,0.142684433
je,85.31319823,0.091098523
doen?,85.40429675,0.331466913
vroeg,86.15174366,0.198660634
ze.,86.3504043,0.229392665
Ze,87.22121357,0.09439124
legde,87.31560481,0.316100898
haar,87.63170571,0.150367441
handen,87.78207315,0.27439314
in,88.05646629,0.116342691
haar,88.17280898,0.081220369
schoot,88.25402935,0.401711557
en,88.65574091,0.13719657
keek,88.82037679,0.184467882
me,89.00484467,0.122928127
wantrouwig,89.1277728,0.545493563
aan.,89.67326636,0.296344591
Haar,90.61441837,0.102074248
mond,90.71649262,0.293051874
hing,91.00954449,0.140489288
half,91.15003378,0.297442164
open,91.44747595,0.390735832
Haar,92.35222308,0.143782005
witte,92.49600508,0.239270818
gezicht,92.7352759,0.383052824
glom,93.11832872,0.448907177
alsof,93.5672359,0.285368866
het,93.85260477,0.133903852
met,93.98650862,0.203767781
vet,94.1902764,0.329271768
was,94.51954817,0.102074248
ingesmeerd.,94.62162242,0.808910977
Ik,96.87198276,0.142684433
moet,97.01466719,0.164635884
hier,97.17930308,0.117440264
even,97.29674334,0.256831979
wachten,97.55357532,0.330369341
van,97.88394466,0.104269393
je,97.98821405,0.121830554
vader.,98.11004461,0.45439504
De,99.91918078,0.066951926
meubels,99.9861327,0.377564961
in,100.3636977,0.092196095
het,100.4558938,0.059268918
vertrek,100.5151627,0.457687758
stonden,100.9728504,0.271100423
zo,101.2439509,0.216221794
dicht,101.4601727,0.178436945
op,101.6386096,0.110854829
elkaar,101.7494644,0.389638259
dat,102.5528875,0.123004044
je,102.6758916,0.057073773
nauwelijks,102.7329654,0.474151346
kon,103.2554099,0.114147546
lopen,103.3695574,0.299637309
zonder,103.6691948,0.250605085
iets,103.9197998,0.149269868
aan,104.0690697,0.184033649
te,104.2531034,0.096944926
raken.,104.3500483,0.390735832
Ik,105.4620519,0.093293668
schoof,105.5553455,0.305125172
de,105.8846173,0.064756781
stoel,105.9493741,0.324881478
waarop,106.2742556,0.257929552
ik,106.5321851,0.074634934
met,106.6265764,0.125123272
mijn,106.7516996,0.183294618
onderarmen,106.9349942,0.525812948
leunde,107.4608072,0.400613985
zo,107.8614212,0.149269868
ver,108.010691,0.294149446
mogelijk,108.3048405,0.453927658
onder,108.7587682,0.203050924
tafel,109.0375516,0.474151346
maar,110.1335482,0.108659684
wanneer,110.2422079,0.229392665
ik,110.4716006,0.08561066
achteruit,110.5572112,0.482931927
ging,111.0401431,0.22280723
voelde,111.2629504,0.311710607
ik,111.574661,0.071342216
de,111.6460032,0.079025224
sleutel,111.7250284,0.402885047
van,112.1279135,0.130611135
de,112.2585246,0.062561636
buffetla,112.3210862,0.537810555
in,112.8588968,0.096586385
mijn,112.9554832,0.097683958
rug,113.0531671,0.18439219
steken.,113.2375593,0.516032662
De,116.3370599,0.105366966
ruimte,116.4424269,0.345735357
werd,116.7881622,0.136098998
nog,116.9242612,0.240368391
meer,117.1646296,0.14158686
verkleind,117.3062165,0.457687758
door,117.7639042,0.092196095
een,117.8561003,0.079025224
enorme,117.9351255,0.518586573
lamp,118.4537121,0.375369816
met,118.8290819,0.195367916
franje,119.0244498,0.519151821
die,119.5436017,0.144498862
als,119.6881005,0.173416465
een,119.861517,0.082317942
parasol,119.9438349,0.603664908
boven,120.5474998,0.294149446
onze,120.8416493,0.249594404
hoofden,121.0912437,0.331466913
hing.,121.4227106,0.322686333
Op,123.0157226,0.137652752
de,123.1533754,0.108659684
schoorsteen,123.2620351,0.650860529
stond,123.9128956,0.285368866
een,124.1982645,0.09878153
zwartmetalen,124.297046,0.802314567
pendule,125.1750931,0.514761531
bekroond,126.1303285,0.491712507
met,126.622041,0.167928602
een,126.7899696,0.182197045
naakt,126.9721667,0.341345066
mannetje.,127.3135118,0.506252375
Hij,128.9718236,0.144879578
hield,129.1167032,0.217319367
een,129.3340226,0.054878628
soort,129.3889012,0.296344591
knots,129.7829297,0.356711082
in,130.1396408,0.131708707
zijn,130.2713495,0.181914421
ene,130.453264,0.298539737
hand,130.7518037,0.419272718
en,131.6067039,0.093293668
wees,131.6999975,0.304027599
met,132.0040251,0.211831504
zijn,132.2158566,0.121830554
andere,132.402444,0.380857679
omlaag,132.7833017,0.48841979
naar,133.2717215,0.145324786
de,133.4170462,0.075732507
wijzerplaat.,133.4927787,0.75842264
Het,134.9000294,0.148172296
uurwerk,135.0482016,0.469761056
tikte,135.6156467,0.266710132
hard.,135.8823568,0.429150871
En,137.1825017,0.09878153
wij,137.2812832,0.159148021
zeiden,137.4404312,0.237075673
geen,137.6775069,0.174514037
woord,137.852021,0.250246544
tegen,138.1022675,0.21841694
elkaar.,138.3206844,0.391833404
Na,139.5431736,0.13719657
een,139.6803701,0.083415515
minuut,139.7637857,0.331466913
of,140.0952526,0.156952876
twintig,140.335621,0.471956201
kwam,140.8525776,0.151465013
haar,141.0040426,0.113049974
vader,141.1170926,0.373163471
binnen.,141.4902561,0.396223694
Ziezo,142.9001582,0.592689183
zei,143.6091901,0.147074723
hij.,143.7562648,0.30841789
Hij,144.7936335,0.081220369
sloot,144.8748539,0.373174671
de,145.2480285,0.049390765
deur,145.2974193,0.187684908
met,145.4851042,0.178904327
een,145.6640085,0.09000095
haak,145.7540095,0.341345066
af,146.1227939,0.260124697
en,146.3829186,0.133990744
wisselde,146.5169093,0.464273193
zijn,146.9811825,0.180903515
witte,147.162086,0.296344591
jas,147.4584306,0.293051874
voor,147.7514825,0.163538312
een,147.9150208,0.116342691
bruin,148.0313635,0.290389121
colbert,148.3217526,0.485127072
dat,149.2635456,0.129513562
op,149.3930591,0.096586385
een,149.4896455,0.124025699
knaapje,149.6136712,0.474151346
in,150.0878226,0.104269393
de,150.1920919,0.043902902
kast,150.3029468,0.246953826
hing.,150.5499006,0.259027124
Nu,151.5304671,0.140489288
kunnen,151.6709564,0.205246069
we,151.8762025,0.106464538
rustig,151.982667,0.388540687
onze,152.3712077,0.204148496
gang,152.5753562,0.282076148
gaan.,152.8574324,0.347930502
Hij,154.3550425,0.106464538
schoof,154.461507,0.338052349
een,154.7995593,0.072439789
paar,154.8719991,0.23158781
stoelen,155.1035869,0.327076623
opzij,155.4306636,0.569640159
de,156.4181853,0.074634934
enige,156.4928202,0.381955251
manier,156.8747755,0.403906702
om,157.3061215,0.107562111
bij,157.4136836,0.127318417
een,157.541002,0.079025224
laag,157.6200272,0.316100898
tafeltje,157.9829432,0.431346016
te,158.4142893,0.104269393
komen,158.5591688,0.257929552
in,158.8170984,0.139391715
een,158.9564901,0.08561066
hoek,159.0421008,0.205246069
van,159.2473468,0.122928127
de,159.370275,0.09439124
kamer.,159.519262,0.403906702
Op,161.8583409,0.099879103
het,161.95822,0.144879578
tafeltje,162.1030996,0.434638734
stond,162.5377384,0.245856254
een,162.7835946,0.125123272
toestel,162.9646941,0.372077098
met,163.3367712,0.150367441
een,163.4871386,0.109746056
frontplaat,163.5968847,0.816593985
van,164.4134787,0.166831029
zwart,164.5803097,0.363926708
eboniet.,165.014481,0.575128022
Er,166.1565755,0.092196095
staken,166.2487716,0.328174196
spoelen,166.5769458,0.357808655
uit,166.9347544,0.307320317
en,167.4824432,0.093293668
de,167.5757368,0.05158591
twee,167.6931771,0.280880709
knoppen,167.9740578,0.285368866
eronder,168.2594267,0.420728832
hadden,168.6801555,0.290856729
een,168.9710122,0.125123272
witte,169.0961355,0.215113022
schaalverdeling.,169.3112485,0.9000095
Meneer,170.900055,0.264514987
Kuisters,171.1996923,0.527932402
drukte,171.7276247,0.467565911
een,172.1951906,0.158050449
hefboom,172.3532411,0.560848379
aan,172.9140895,0.18439219
de,173.0984816,0.060366491
zijkant,173.1588481,0.437931452
van,173.5967796,0.098585798
het,173.6953654,0.139391715
apparaat,173.8347571,0.439029024
omlaag,174.2737861,0.599274618
draaide,175.3289007,0.397321267
aan,175.726222,0.095488813
de,175.8217108,0.105366966
knoppen,175.9995175,0.401711557
zette,176.725013,0.325326911
de,177.0503399,0.054878628
spoelen,177.1052185,0.366589235
in,177.4718078,0.148172296
een,177.6199801,0.093293668
bepaalde,177.7132737,0.367219426
stand,178.0804932,0.374272243
en,178.4964732,0.104269393
vroeg,178.6007425,0.259027124
aan,178.8597697,0.127220551
zijn,178.9869902,0.120732982
dochter,179.1077232,0.473053774
of,179.882968,0.109757256
er,179.9927252,0.074634934
een,180.0673602,0.08561066
nieuwe,180.1529708,0.230490238
stop,180.3834611,0.295051061
in,180.6785121,0.102074248
de,180.7805864,0.045000475
schakelkast,180.8255868,0.700251294
zat.,181.5258381,0.365491663
Ze,182.9296982,0.107562111
knikte.,183.1020171,0.413784855
Mooi,184.4300799,0.436638146
zei,185.1817213,0.166831029
hij.,185.3485524,0.304027599
dan,186.1413471,0.135001425
kunnen,186.2763485,0.199758206
we,186.4761067,0.092196095
beginnen.,186.5683028,0.466468338
Hij,188.1233109,0.105366966
keek,188.2572147,0.177806755
op,188.4350215,0.086708232
zijn,188.5217297,0.1800019
horloge.,188.7017316,0.530127547
't,190.4521531,0.029634459
is,190.4817876,0.102074248
net,190.5838618,0.238173246
de,190.8220351,0.039512612
goede,190.8615477,0.254636834
tijd.,191.1743559,0.389638259
Kom,191.9958722,0.116342691
maar,192.1122149,0.100976676
eens,192.2131916,0.140489288
hier.,192.3536809,0.296344591
Hij,193.4032209,0.154757731
wenkte,193.5579787,0.329271768
me,193.8872504,0.197563061
trok,194.7905527,0.212548361
een,195.003101,0.058171346
stoel,195.0612724,0.394028549
dichter,195.4553009,0.319393615
bij,195.7746945,0.181099473
het,195.955794,0.066951926
tafeltje,196.076527,0.607402834
en,196.6839298,0.140489288
beduidde,196.8244191,0.487322217
me,197.3117413,0.209636359
dat,197.8019755,0.13280628
ik,197.9347818,0.102074248
daarop,198.0368561,0.379760106
moest,198.4166162,0.252441689
gaan,198.6690579,0.153660159
zitten.,198.822718,0.3600038
Je,200.2820978,0.061464063
hoofd,200.3435619,0.323783905
wat,200.6673458,0.135001425
naar,200.8023472,0.118537837
voren.,200.9208851,0.45439504
Hij,202.4436527,0.107562111
stond,202.5512148,0.282076148
achter,202.8332909,0.319393615
me,203.1526845,0.183294618
en,203.3359792,0.131708707
gaf,203.4676879,0.240368391
me,203.7080563,0.116342691
een,203.8243989,0.077927652
lichte,203.9023266,0.394288999
duw,204.2966156,0.350125647
tegen,204.6467412,0.205246069
mijn,204.8519873,0.158050449
kruin,205.0682091,0.414882428
zijn,206.0089914,0.161343166
handen,206.1703345,0.340247494
gingen,206.510582,0.266710132
door,206.7772922,0.122928127
mijn,206.9002203,0.109757256
haar.,207.0099775,0.378662533
Er,208.3801826,0.063017818
kroop,208.5112499,0.322686333
een,208.8339362,0.070885584
rilling,208.9048218,0.418175146
over,209.3229969,0.197563061
mijn,209.52056,0.18878248
rug,209.7093425,0.238173246
die,209.9705648,0.126481519
ik,210.0970463,0.070244644
voelde,210.1672909,0.391833404
tot,210.6107102,0.117440264
aan,210.7281505,0.105366966
mijn,210.8335175,0.189880053
billen.,211.0233975,0.31719847
Ik,211.9892392,0.107562111
rook,212.0968013,0.288661583
een,212.3854629,0.065854354
scherpe,212.4513172,0.440126597
vislucht,212.8914438,0.536712982
die,213.4281568,0.090446157
me,213.518603,0.074634934
misselijk,213.5932379,0.396223694
maakte.,213.9894616,0.486224644
De,215.6158572,0.063659209
man,215.6795164,0.315003325
deed,215.9945197,0.267807705
een,216.2623274,0.127318417
dubbele,216.3896459,0.320491188
metalen,216.7101371,0.455492613
band,217.1656297,0.286368347
over,217.451998,0.217319367
mijn,217.6693174,0.13280628
hoofd,217.8021237,0.377097579
en,218.5677619,0.145977151
drukte,218.7137391,0.361177289
twee,219.1583319,0.324881478
zwarte,219.4832134,0.354515937
schijven,219.8377293,0.45439504
met,220.2921243,0.147074723
gaatjes,220.4391991,0.468923933
erin,220.908123,0.316100898
op,221.3032491,0.145977151
mijn,221.4492263,0.127318417
oren.,221.5765447,0.395126122
Nu,223.5281803,0.147074723
goed,223.675255,0.260124697
luisteren,223.9353797,0.632201795
riep,224.8167305,0.18996672
hij,225.0066972,0.31719847
Nu,225.6290208,0.137913427
komt,225.8097396,0.255734407
het.,226.065474,0.26561256
Hij,226.9552249,0.125123272
boog,227.0803481,0.27000285
zich,227.350351,0.164635884
voorover,227.5149869,0.597079473
zodat,228.3963376,0.256831979
zijn,228.6531696,0.196084773
groot,228.8492544,0.425858154
uitgezakt,229.2751125,0.706738638
gezicht,229.9818512,0.546591135
vlak,230.5690525,0.27878343
voor,230.8478359,0.152366853
het,231.0002028,0.104269393
mijne,231.1044722,0.291954301
hing.,231.3964265,0.254636834
Ik,232.3351986,0.055976201
zag,232.4262971,0.194270343
de,232.6589825,0.088903377
rode,232.7478859,0.340247494
adertjes,233.0881334,0.50159066
in,233.589724,0.079025224
zijn,233.6687492,0.170123747
vochtige,233.838873,0.509077935
ogen,234.3479509,0.441224169
en,235.1469838,0.095488813
hoe,235.2424726,0.132425564
zijn,235.3748981,0.154757731
pupillen,235.5296559,0.410492138
heen,235.940148,0.177806755
en,236.1179548,0.105366966
weer,236.2233217,0.181099473
schoten,236.4044212,0.531311786
hij,237.7551413,0.119635409
wilde,237.8747767,0.212929077
zien,238.0877058,0.22719752
wat,238.3149033,0.13719657
ik,238.4520999,0.083415515
hoorde.,238.5355154,0.452199895
In,239.8066672,0.107562111
mijn,239.9142294,0.124025699
oren,240.0382551,0.242563536
begon,240.2808186,0.27878343
een,240.559602,0.083415515
geweldig,240.6430175,0.583908602
lawaai,241.2269261,0.497004637
kraken,241.8172244,0.620128497
piepen,242.6447942,0.398592398
een,243.375951,0.072439789
scheurend,243.4483908,0.717160315
gegil,244.1655511,0.560859579
lange,245.0819154,0.290856729
fluittonen,245.3727721,0.804520687
die,246.1772928,0.133903852
plotseling,246.4143685,0.427216401
overgingen,246.8415849,0.536712982
in,247.3782979,0.162440739
razend,247.5407386,0.471956201
geloei,248.0126948,0.523617803
dat,248.5363126,0.154757731
door,248.6910703,0.176709182
mijn,248.8677795,0.135001425
hele,249.0027809,0.370979526
lichaam,249.3737605,0.377564961
trok.,249.7800359,0.319393615
Meneer,251.1286587,0.237075673
Kuisters,251.4195155,0.439029024
lachte.,251.8585445,0.434638734
Dat,253.2888443,0.158050449
is,253.4468948,0.145977151
hem,253.5928719,0.126220844
nou,253.7190928,0.234880528
schreeuwde,253.9539733,0.419272718
hij,254.373246,0.294149446
dat,254.9691191,0.169026174
is,255.1381453,0.114147546
de,255.2961957,0.049390765
Mexicaanse,255.3455865,0.730983325
hond.,256.0765698,0.400613985
Ik,257.4986081,0.068141807
probeerde,257.6276042,0.346020253
de,257.9736244,0.09340424
schijven,258.0670287,0.392686175
af,258.4597148,0.186985382
te,258.6849111,0.105732719
rukken,258.7906438,0.291534447
maar,259.0821782,0.175265685
hij,259.2574439,0.094111848
hield,259.3515557,0.203791069
ze,259.5553468,0.134963814
vast,259.6903106,0.402440366
hij,260.4954887,0.081374906
drukte,260.5768636,0.351681116
met,260.9285447,0.135153105
zijn,261.0636978,0.174071538
hand,261.2377694,0.237551116
stevig,261.4753205,0.530295872
op,262.0056164,0.109679221
mijn,262.1152956,0.149305263
hoofd,262.2646008,0.425759999
en,262.950853,0.087035769
draaide,263.0378888,0.45074622
aan,263.488635,0.113924869
een,263.6025598,0.138691144
van,263.741251,0.110700788
de,263.8519518,0.077129259
knoppen.,264.0062103,0.403304165
Hier,265.6531567,0.191761735
is,265.8449184,0.130907458
de,265.9892704,0.041041257
HDO,266.0303117,0.837353277
De,267.1674241,0.06014667
Hilversumse,267.2275708,0.864696829
Draadloze,268.1542996,0.68141045
Omroep,268.8694389,0.438716886
riep,269.7558189,0.171241107
iemand,269.92706,0.418903865
en,270.595496,0.10331075
na,270.6988068,0.124538987
een,270.8233458,0.074298827
paar,270.969113,0.216528011
onverstaanbare,271.185641,0.814581435
zinnen,272.0002224,0.323674821
sloeg,272.3238973,0.280920328
er,272.6048176,0.088450985
keiharde,272.8299305,0.463293968
muziek,273.2932244,0.489664653
tegen,273.8526909,0.234925816
mijn,274.0876167,0.183270441
trommelvliezen,274.3232501,0.782927599
alsof,275.2370048,0.239171463
mijn,275.4966969,0.141521576
hoofd,275.6382185,0.310639859
bekneld,275.983137,0.446500572
zat,276.4296376,0.154400571
in,276.5840382,0.100480319
de,276.6845185,0.088450985
hoorn,276.7729695,0.39852439
van,277.1714939,0.15355091
mijn,277.3250448,0.126802289
vaders,277.4518471,0.442962533
pathefoon.,277.9432101,0.706192664
Na,280.432178,0.167703068
een,280.5998811,0.09340424
tijdje,280.737157,0.334698527
verloste,281.0718556,0.454581604
meneer,281.5264372,0.263937739
Kuisters,281.852942,0.466313593
me,282.3341153,0.062269493
onverzacht,282.3963848,0.657618826
van,283.0540037,0.141521576
de,283.1955252,0.047409728
koptelefoon.,283.2952979,0.703864709
Het,284.3902003,0.136568321
effect,284.5267686,0.435886454
scheen,284.962655,0.28176864
hem,285.2444237,0.128784634
niet,285.3732083,0.14010636
te,285.5133147,0.042456473
bevallen,285.5557711,0.384011584
te,285.9843299,0.080667298
zijn.,286.0649972,0.33045288
Versuft,287.2403794,0.515846145
bleef,287.8206179,0.230459099
ik,288.0652291,0.060854278
zitten.,288.1260834,0.402628884
Ga,289.770216,0.148597655
d'r,289.9188137,0.116047692
es,290.0348614,0.141521576
af,290.1763829,0.328330056
Tonia,291.4223354,0.377155
trok,291.8249643,0.188931304
me,292.0429075,0.043164081
aan,292.0860716,0.111581201
mijn,292.1976528,0.106141182
arm.,292.303794,0.333990919
Nou,292.7571338,0.135153105
mag,292.8922869,0.147890047
ik.,293.040177,0.224311698
Met,294.1801795,0.084912946
suizende,294.2650924,0.520233395
oren,294.7853258,0.296487702
en,295.0818135,0.183978049
bonzende,295.2657916,0.439014231
slapen,295.7048058,0.476362157
stond,296.181168,0.278089897
ik,296.4592579,0.131550863
op,296.5908087,0.217943227
en,297.2235201,0.118878124
liep,297.3423982,0.171241107
naar,297.5136393,0.100480319
de,297.6141197,0.070760788
deur.,297.6848804,0.326914841
De,299.0003517,0.043164081
haak,299.0435158,0.351681116
kreeg,299.3951969,0.227142129
ik,299.6223391,0.063684709
met,299.6860238,0.126251998
moeite,299.8122758,0.384938687
los.,300.1972145,0.398712458
Rommelend,301.5751132,0.47055924
schoof,302.0456725,0.300025741
de,302.3860319,0.073544755
deur,302.5041559,0.222188874
over,302.7263448,0.208744325
de,302.9350891,0.111564587
rail,303.0466537,0.251908405
terug.,303.3650772,0.400490122
In,304.8408151,0.100480319
de,304.9412954,0.068637964
winkel,305.0099334,0.288704015
was,305.2986374,0.132322674
de,305.4613872,0.060854278
vislucht,305.5222415,0.452442617
sterker,305.9746841,0.52394379
dan,306.4986279,0.154966126
ooit.,306.653594,0.427535863
Buiten,307.7539539,0.294364878
durfde,308.0483187,0.255446445
ik,308.3037652,0.098357495
pas,308.4735911,0.138454137
weer,308.6120452,0.114632477
adem,308.7266777,0.29719531
te,309.0330719,0.081374906
halen,309.1144468,0.36543895
en,309.8256544,0.07995969
ik,309.9056141,0.072883612
was,309.9784977,0.182562833
al,310.1610605,0.09694228
een,310.2580028,0.105433574
halve,310.3634364,0.37710651
straat,310.7405429,0.395316922
verder,311.1358598,0.321961585
toen,311.4578214,0.111802045
ik,311.5696235,0.095527064
merkte,311.6651505,0.393036557
dat,312.0581871,0.149305263
ik,312.2074923,0.096234672
de,312.3282565,0.061561886
zalm,312.3898184,0.285165976
had,312.6749844,0.154258518
laten,312.8292429,0.230680169
liggen.,313.0599231,0.345265506
Op,315.4067892,0.091989024
een,315.4987783,0.096234672
middag,315.5950129,0.352388724
kwam,315.9870277,0.130907458
ik,316.1179352,0.061561886
van,316.179497,0.16392757
school,316.3434246,0.305686604
thuis,316.7248253,0.335532475
en,317.0603577,0.14010636
terwijl,317.2004641,0.29430045
ik,317.5386362,0.026731558
in,317.5653678,0.079252083
de,317.6446199,0.047409728
gang,317.6920296,0.249077974
mijn,317.9411076,0.1167553
jas,318.0578629,0.230789671
aan,318.2886526,0.123831379
de,318.4124839,0.042456473
kapstok,318.5200403,0.400473734
hing,318.9205141,0.308517036
hoorde,319.623418,0.212989972
ik,319.836408,0.135860713
iemand,319.9722687,0.252616013
op,320.2248847,0.094111848
luide,320.3189965,0.313595056
toon,320.6764633,0.168410675
praten.,320.9128043,0.495465995
Het,322.8187027,0.099065103
geluid,322.9177678,0.353096332
kwam,323.2708641,0.142936792
uit,323.4138009,0.144352008
de,323.5581529,0.045286904
huiskamer.,323.6034398,0.680482223
Er,324.7909927,0.09340424
klonken,324.9162393,0.249077974
geen,325.1653173,0.22360409
andere,325.3889214,0.25686166
stemmen,325.645783,0.285291191
tegenin.,325.9604167,0.48400379
Het,327.0210087,0.071468396
bleef,327.0924771,0.335406135
een,327.5092581,0.094111848
barse,327.60337,0.484631932
monoloog.,328.0880019,0.756951913
In,330.92101,0.09694228
de,331.0179523,0.058731454
veronderstelling,331.0766837,0.688140919
dat,331.7648246,0.131615066
er,331.8964397,0.061670263
iemand,331.95811,0.28375076
op,332.2418607,0.119585732
bezoek,332.3614464,0.260005825
was,332.6214523,0.255446445
die,332.8768987,0.160043696
een,333.0369424,0.148597655
niet,333.1855401,0.292242054
erg,333.4777821,0.258984484
vriendelijke,333.7367666,0.548506509
manier,334.2852731,0.304930507
van,334.5902036,0.140813968
converseren,334.7310176,0.696081923
had,335.4270995,0.284411228
of,336.1816445,0.133030281
die,336.3146747,0.240586679
ÈÈn,336.8456627,0.205913893
van,337.0515766,0.169118283
mijn,337.2206949,0.135860713
familieleden,337.3565556,0.599485028
de,337.9560406,0.1146015
waarheid,338.0706421,0.365833274
kwam,338.4767446,0.196007383
zeggen,338.672752,0.374324569
deed,339.4841105,0.177609578
ik,339.6617201,0.113217261
zachtjes,339.7749373,0.436594062
de,340.2500405,0.062269493
deur,340.31231,0.307809428
open,340.6201194,0.335406135
en,340.9555255,0.140923245
keek,341.1516422,0.217943227
door,341.3695854,0.161334597
een,341.53092,0.101895535
kier,341.6948489,0.404044099
naar,342.1781451,0.091989024
binnen.,342.2701341,0.357845131
In,344.2749264,0.100480319
de,344.3754067,0.052362983
kamer,344.4801326,0.279505113
stonden,344.7596378,0.273089727
mijn,345.0327275,0.199545422
vader,345.2322729,0.384717617
en,345.6169905,0.071468396
mijn,345.6884589,0.098357495
broer,345.7868164,0.43036607
Ieder,346.599918,0.216528011
aan,346.816446,0.16345742
ÈÈn,346.9799034,0.197422599
kant,347.2035075,0.155798499
van,347.359306,0.152843302
de,347.5121493,0.048117336
schoorsteen.,347.5602666,0.743852749
Ze,349.11631,0.124538987
hielden,349.240849,0.335406135
hun,349.5762551,0.14010636
hoofden,349.7163615,0.39124273
enigszins,350.1076042,0.502196013
scheef,350.6098002,0.617490758
en,351.227291,0.136568321
keken,351.427544,0.316300722
zwijgend,351.7438447,0.667398546
naar,352.4497515,0.104725966
de,352.5544774,0.062977101
luidsprekers,352.6174545,0.762958161
van,353.3804127,0.143061332
de,353.523474,0.055193415
radio.,353.5786674,0.541649925
Wie,355.5160812,0.101895535
schreeuwt,355.6179767,0.490372261
daar,356.108349,0.147859071
zo?,356.256208,0.379277824
vroeg,356.770213,0.278797505
ik.,357.0490105,0.217235619
Dat,358.4240069,0.155884959
is,358.5798919,0.155673734
Hitler,358.7355656,0.431640807
zei,359.5421438,0.111802045
mijn,359.6539459,0.155673734
vader.,359.8096196,0.447915788
Hij,360.9413193,0.149305263
gaf,361.0906246,0.249077974
me,361.3899427,0.07359122
met,361.463534,0.176194362
een,361.6397283,0.08716121
handgebaar,361.7268895,0.521507008
te,362.2858998,0.067222749
kennen,362.4448752,0.243417111
dat,362.7095205,0.123123771
ik,362.8326443,0.094111848
stil,362.9267562,0.255932983
moest,363.1826891,0.237756248
zijn.,363.4204454,0.24462742
Ik,365.0507537,0.058023846
bleef,365.1087775,0.272429034
even,365.3812066,0.187516088
staan,365.5687227,0.236341032
luisteren.,365.8050637,0.498815516
Het,366.9804125,0.091281417
was,367.0716939,0.116047692
net,367.1877416,0.136568321
het,367.3243099,0.100480319
eerste,367.4247902,0.309224644
jaar,367.7340148,0.213303255
dat,367.9473181,0.124538987
ik,368.0718571,0.048117336
Duits,368.1199744,0.391102251
had,368.5110767,0.077099782
op,368.5881765,0.083654597
school,368.6718311,0.352388724
en,369.0242198,0.055901023
ik,369.0801208,0.077836867
begreep,369.1579577,0.343504455
d'r,369.5276436,0.050240159
maar,369.5778838,0.17690197
weinig,369.7547857,0.305811819
van.,370.0605976,0.298610525
Ik,371.4204592,0.078544475
verstond,371.4990037,0.388476726
alleen,371.8874804,0.299318133
het,372.1867985,0.081860995
woord,372.2686595,0.373616961
Juden,372.8711152,0.620572111
dat,374.1611449,0.14010636
de,374.3012513,0.038210826
man,374.3394621,0.188931304
steeds,374.5283934,0.304271388
vaker,374.8326648,0.286343959
uitsprak,375.1190088,0.549103715
en,376.1910951,0.09340424
op,376.2844993,0.102603143
een,376.3871024,0.07995969
steeds,376.4670621,0.42385712
verachterlijke,376.8909193,0.671817223
toon,377.654866,0.329037664
alsof,378.3195752,0.251200797
hij,378.570776,0.104725966
er,378.675502,0.120449981
tegenaan,378.8497302,0.455699475
trapte.,379.3865673,0.500278771
Ook,381.3125166,0.164635884
op,381.4771525,0.092196095
mijn,381.5693486,0.150367441
kamer,381.719716,0.302930027
boven,382.0226461,0.396223694
hoorde,382.4188698,0.23158781
ik,382.6504576,0.151465013
de,382.8019226,0.029993
stem.,382.8319156,0.424760581
Hij,383.9682508,0.115245119
drong,384.0834959,0.361101373
door,384.4445972,0.229392665
tot,384.6739899,0.127318417
in,384.8013083,0.09878153
alle,385.007652,0.238173246
hoeken,385.2458252,0.255734407
van,385.5015596,0.142217051
het,385.6437767,0.097683958
huis.,385.7414606,0.431346016
Hij,386.4021993,0.114147546
overstemde,386.5163469,0.570357016
zelfs,387.0867039,0.328174196
de,387.4148781,0.074634934
roffelende,387.489513,0.513663958
wastafelkraan,388.003177,1.005365491
die,389.0085425,0.079198782
ik,389.0877412,0.150367441
open,389.2381087,0.276588285
had,389.514697,0.174514037
gezet,389.689211,0.322686333
omdat,390.0118973,0.182001312
ik,390.1938986,0.081220369
benieuwd,390.275119,0.336954776
was,390.6120738,0.139391715
of,390.7514655,0.121830554
ik,390.8732961,0.097683958
hem,390.97098,0.149269868
dan,391.1202499,0.09439124
nog,391.2146411,0.241465963
zou,391.6749692,0.13719657
kunnen,391.8121658,0.221709657
horen.,392.0338755,0.424760581
Ik,393.2411833,0.086708232
legde,393.3278916,0.300734882
mijn,393.6286264,0.14158686
boeken,393.7702133,0.245856254
en,394.0160696,0.096586385
schriften,394.1126559,0.396223694
klaar,394.5769291,0.319393615
maar,394.8963228,0.226545155
voor,395.3829926,0.205246069
ik,395.5882387,0.093293668
aan,395.6815323,0.124025699
mijn,395.805558,0.066951926
huiswerk,395.87251,0.415143103
begon,396.2876531,0.342442639
liep,396.6300957,0.208538787
ik,396.8386345,0.09878153
de,396.937416,0.115245119
zoldertrap,397.0526611,0.552165665
op.,397.6048268,0.22280723
De,398.5992054,0.063659209
zolderdeur,398.6628646,0.589396465
deed,399.2522611,0.182197045
ik,399.4344581,0.080122797
achter,399.5145809,0.276588285
me,399.7911692,0.070244644
dicht.,399.8614138,0.366589235
Zonder,400.8964026,0.287564011
licht,401.1839666,0.209636359
te,401.3936029,0.045000475
maken,401.4386034,0.324881478
liep,401.7634849,0.1800019
ik,401.9434868,0.088903377
naar,402.0323902,0.178904327
het,402.2112945,0.054878628
midden,402.3045882,0.26870932
van,402.5732975,0.140489288
de,402.7137868,0.088903377
zolder,402.8026902,0.469761056
en,403.714773,0.14158686
bleef,403.8563598,0.231663727
daar,404.0880235,0.140489288
staan.,404.2285128,0.45439504
Het,405.6403387,0.076830079
geluid,405.7171688,0.410492138
van,406.1276609,0.118537837
de,406.2461988,0.068049499
stem,406.3142483,0.369881953
was,406.6841302,0.189880053
hier,406.8740103,0.124025699
minder,406.998036,0.590754712
maar,407.5887907,0.219514512
nog,407.8083052,0.174514037
zeer,407.9828192,0.328174196
goed,408.3109934,0.324881478
hoorbaar,408.6358749,0.599263418
en,409.7740464,0.086784149
ik,409.8608306,0.095488813
ging,409.9563194,0.196465488
terug,410.1527849,0.255734407
naar,410.4085193,0.109757256
mijn,410.5182766,0.166831029
kamer,410.714742,0.376467388
en,411.0912094,0.095488813
zette,411.1866982,0.276588285
me,411.4632865,0.062637328
aan,411.5259239,0.12841599
het,411.6543398,0.087805805
werk.,411.7421457,0.330369341
Met,413.0010614,0.113582073
mijn,413.1146435,0.178904327
handen,413.2935478,0.299637309
tegen,413.6283074,0.229392665
mijn,413.8577001,0.17561161
oren,414.0333117,0.431346016
probeerde,414.5381951,0.39465874
ik,414.9328538,0.13719657
mijn,415.0700504,0.135001425
geschiedenisles,415.2050518,0.980490613
over,416.2689579,0.18878248
de,416.4577404,0.090076867
Heilige,416.5478173,0.401711557
Alliantie,416.9495288,0.498297943
te,417.4478268,0.097683958
leren.,417.5455107,0.384150396
Ik,419.0154099,0.148172296
kreeg,419.1635822,0.205246069
dezelfde,419.3688282,0.467565911
gewaarwording,419.8363941,0.623421215
als,420.4598154,0.194270343
jaren,420.6540857,0.334194158
tevoren,421.0332803,0.423663008
toen,421.4920657,0.13719657
ik,421.6292622,0.147074723
met,422.1286577,0.125123272
de,422.253781,0.04901005
harde,422.3027911,0.263417415
schijven,422.5662085,0.444516887
van,423.0107254,0.14158686
de,423.1523122,0.05158591
koptelefoon,423.2686549,0.622312667
op,423.8909676,0.234880528
bij,424.5341451,0.118537837
meneer,424.6526829,0.22719752
Kuisters,424.9699571,0.549883853
het,425.519841,0.100976676
eerste,425.6800866,0.369881953
radiogeluid,426.0499685,0.853259312
had,426.9032278,0.103171821
opgevangen.,427.0063996,0.590494038
De,428.7555388,0.081220369
Mexicaanse,428.8367592,0.689275568
hond.,429.5260348,0.384150396
Ik,430.8854488,0.095488813
drukte,430.9809376,0.302930027
mijn,431.2838677,0.156952876
handen,431.4408205,0.295247019
steviger,431.7360676,0.586103747
tegen,432.3682694,0.211635772
mijn,432.5799051,0.173416465
oren,432.7533216,0.377564961
alsof,433.4436947,0.219514512
ik,433.6632092,0.117440264
onbewust,433.7806495,0.540081617
voelde,434.3207311,0.324881478
wat,434.6456126,0.172318892
die,434.8179315,0.031829604
stem,434.8497611,0.339149921
teweeg,435.2139592,0.288661583
zou,435.5026208,0.125123272
gaan,435.6277441,0.214026649
brengen.,435.8417707,0.338052349