De,0.985244406,0.148172296
muur,1.133416702,0.40719942
Met,3.233224844,0.192075198
mijn,3.425300042,0.17561161
wijsvinger,3.600911652,0.619030924
scharrel,4.219942577,0.490614935
ik,4.710557511,0.138294143
behoedzaam,4.848851654,0.607859466
het,5.45671112,0.116342691
laatste,5.573053811,0.418175146
restje,5.991228957,0.341431958
uit,6.332660915,0.194270343
een,6.526931258,0.120635115
blik.,6.647566373,0.272197995
Mijn,8.131277768,0.114147546
oren,8.245425314,0.383052824
registreren,8.628478138,0.622682183
de,9.251160321,0.070983675
vertrouwde,9.322143997,0.490973476
geluiden.,9.813117472,0.537810555
Het,10.8714381,0.120732982
sissen,10.99217108,0.356711082
van,11.34888216,0.148172296
het,11.49705446,0.126220844
water,11.6232753,0.377564961
in,12.00084026,0.090902565
de,12.09174283,0.069147071
toiletten.,12.1608899,0.538908127
De,13.3528537,0.054769787
kinderkreten,13.46579483,0.66842169
in,14.13421652,0.109757256
de,14.24397378,0.09439124
flat,14.33836502,0.363296518
boven,14.7751989,0.253897578
mijn,15.02909647,0.120732982
hoofd.,15.14982945,0.451102322
De,16.4098208,0.048293193
buitendeur,16.458114,0.490614935
die,16.94872893,0.097683958
drie,17.04641289,0.276588285
verdiepingen,17.32300118,0.409394565
lager,17.73239574,0.393289518
in,18.12568526,0.115245119
het,18.24093038,0.071342216
slot,18.31227259,0.307320317
valt.,18.61959291,0.343170696
Mijn,20.23116602,0.109757256
oudevrouwenhanden,20.34092328,0.971351716
graaien,21.31227499,0.509273668
boven,21.82154866,0.307309342
het,22.128858,0.100976676
aanrecht.,22.22983468,0.626713932
Het,23.71373083,0.100976676
lege,23.81470751,0.316100898
blik,24.13080841,0.279881003
valt,24.41068941,0.298539737
op,24.70922914,0.091098523
de,24.80032767,0.048293193
grond,24.84862086,0.353494281
en,25.20211514,0.13280628
rolt,25.33492142,0.338052349
met,25.67297377,0.130611135
een,25.8035849,0.104269393
klap,25.9078543,0.375369816
tegen,26.42920126,0.206788849
de,26.63599011,0.066951926
metalen,26.70294204,0.453297468
vuilnisbak.,27.15623951,0.646470238
Mijn,28.93172044,0.124025699
armbeweging,29.05574614,0.666226544
bevriest.,29.72197269,0.527932402
De,31.31937522,0.026341741
man,31.34571696,0.197563061
van,31.54328002,0.150367441
de,31.69364747,0.034024749
flat,31.72767222,0.264514987
hiernaast,31.9921872,0.453297468
moet,32.44548467,0.209636359
de,32.65512103,0.065854354
klap,32.72097538,0.244758681
hebben,32.96573406,0.175144003
gehoord.,33.14087807,0.478541637
Het,34.39446851,0.081220369
verschrikkelijke,34.47568888,0.646470238
krassen,35.12215912,0.40280913
begint,35.52496825,0.331466913
weer.,35.85643516,0.317002737
O,36.1734379,0.138294143
God,36.31173204,0.394028549
houdt,36.70576059,0.223904802
het,36.9296654,0.095488813
dan,37.02515421,0.126220844
nooit,37.15137505,0.290856729
op?,37.44223178,0.262950032
Ik,39.21038825,0.095488813
trek,39.3563654,0.232685383
mijn,39.58905079,0.196465488
rok,39.78551628,0.255734407
op,40.04125068,0.235978101
zak,40.86651618,0.245856254
op,41.11237244,0.09878153
handen,41.21115397,0.376467388
en,41.58762135,0.103171821
knie,41.69079317,0.418175146
en,42.10896832,0.120732982
sleur,42.2297013,0.409198607
mijn,42.63889991,0.196465488
oude,42.8353654,0.285368866
lijf,43.12073426,0.334759631
naar,43.45549389,0.138294143
de,43.59378804,0.060366491
woonkamer.,43.65415453,0.640699526
Daar,45.60167151,0.143782005
komt,45.74545351,0.208538787
het,45.9539923,0.106464538
geluid,46.06045684,0.304027599
vandaan.,46.36448444,0.482931927
Daar,47.26449394,0.136816079
moet,47.40131002,0.145977151
ik,47.54728717,0.103171821
naartoe.,47.65045899,0.394028549
Vandaag,49.05615584,0.335857204
laat,49.39201304,0.177806755
ik,49.5698198,0.084513087
me,49.65433289,0.09439124
niet,49.74872413,0.209636359
meer,49.95836049,0.1800019
door,50.13836239,0.093293668
mijn,50.23165605,0.118537837
angst,50.35019389,0.255734407
verlammen.,50.6059283,0.450548049
Al,52.57978702,0.172318892
enkele,52.75210591,0.342442639
dagen,53.09454855,0.397321267
krast,53.49186982,0.40719942
de,53.89906924,0.04719562
man,53.94626486,0.250246544
van,54.1965114,0.142488475
hiernaast,54.33899988,0.473053774
op,54.81205365,0.058171346
de,54.870225,0.133903852
muur.,55.00412885,0.433541162
Het,56.0671983,0.127318417
krassen,56.19451672,0.379760106
is,56.57427683,0.113049974
voor,56.6873268,0.116342691
mij,56.80366949,0.205246069
bestemd.,57.00891556,0.525737257
De,58.52774905,0.041707757
man,58.56945681,0.238173246
wil,58.80763005,0.103171821
me,58.91080187,0.079025224
eerst,58.9898271,0.198660634
bang,59.18848773,0.273295568
maken.,59.4617833,0.45878533
Daarna,60.4855249,0.260124697
wil,60.7456496,0.116342691
hij,60.86199229,0.113049974
de,60.97504226,0.084513087
deur,61.05955535,0.30841789
openbreken.,61.36797324,0.650860529
Maar,62.01883377,0.128861422
dit,62.14769519,0.204148496
is,62.35184369,0.148172296
mijn,62.50001598,0.319393615
flat.,62.8194096,0.365491663
Ik,63.18490126,0.121830554
laat,63.30673181,0.207060498
er,63.51379231,0.034024749
niemand,63.54781706,0.318296043
in.,63.8661131,0.300734882
Telkens,65.25141226,0.358906227
wanneer,65.61031849,0.215124222
de,65.82544271,0.05158591
man,65.87702862,0.169026174
me,66.04605479,0.124025699
in,66.17008049,0.122928127
de,66.29300862,0.050488338
woonkamer,66.34349696,0.47844377
hoort,66.82194073,0.39841884
begint,67.65223768,0.323783905
zijn,67.97602159,0.205246069
gekras.,68.18126766,0.590494038
Geen,69.47894577,0.27000285
geluiden,69.74894862,0.377564961
meer,70.12651358,0.13280628
maken,70.25931986,0.343540212
is,70.60286007,0.153660159
de,70.75652023,0.059268918
boodschap.,70.81578914,0.509816742
Het,72.36358194,0.109697532
krassen,72.51432073,0.291345703
op,72.80566644,0.117286006
de,72.9639937,0.063464915
muur,73.02745861,0.302148565
wordt,73.37489408,0.164165028
driftiger.,73.53905911,0.562155065
De,74.73353327,0.074298827
man,74.8078321,0.372201745
gedraagt,75.36819491,0.541320028
zich,75.90951494,0.139398752
als,76.0489137,0.088765843
een,76.13767954,0.145059615
roofdier.,76.28273915,0.586402701
Hij,77.24478804,0.108971614
weet,77.35375965,0.210867148
dat,77.5646268,0.111094437
hij,77.67572123,0.137275929
ongestoord,77.86960579,0.577549409
op,78.4471552,0.104128761
de,78.55128396,0.060854278
muur,78.61213824,0.232802993
kan,78.87607598,0.154258518
krassen,79.05439317,0.480607804
dat,79.86625615,0.122416163
ik,79.98867231,0.101895535
geen,80.09056784,0.162749812
mens,80.25331766,0.332575704
te,80.58589336,0.065398845
hulp,80.65129221,0.235633424
kan,80.93504297,0.165580244
roepen.,81.10062321,0.306016951
Ik,82.51549377,0.102603143
moet,82.61809691,0.211574756
de,82.82967167,0.021228236
man,82.8508999,0.255446445
weglokken,83.10634635,0.448057617
van,83.55440397,0.13829862
de,83.69270259,0.068637964
muur.,83.76134055,0.350265901
Nu,84.82352324,0.132322674
moet,84.95584591,0.171241107
ik,85.12708702,0.102603143
het,85.22969016,0.125246595
doen.,85.35493676,0.188931304
Onhoorbaar,86.65907488,0.675765525
sluip,87.3348404,0.437962138
ik,87.77280254,0.127369418
naar,87.90017196,0.154400121
de,88.05457208,0.049532552
deur,88.10410463,0.36371045
en,88.81869476,0.149305263
druk,88.96800003,0.268183387
mijn,89.23618341,0.219358443
oog,89.48593779,0.261107308
tegen,89.8,0
het,90.01381327,0.12856469
ronde,90.14237796,0.29719531
kijkgaatje.,90.53274185,0.687087251
De,92.17972396,0.072176004
lift,92.25189996,0.310639859
in,92.56253982,0.136568321
de,92.69910814,0.050743311
trappenhal,92.81495138,0.546069502
zoemt.,93.36102088,0.468058705
Een,94.63138189,0.110386829
vrouw,94.74176872,0.328330056
stapt,95.07009878,0.413573124
uit,95.4836719,0.23704864
de,95.72072054,0.040994567
lift,95.76171511,0.333283311
en,96.09499842,0.115340084
verdwijnt,96.21033851,0.447161041
in,96.65749955,0.128077026
haar,96.78557657,0.107352166
flat.,96.89292874,0.396763789
Na,98.24642638,0.125246595
enkele,98.37167298,0.328330056
minuten,98.70000303,0.429298264
open,99.17034255,0.321238264
ik,99.49158082,0.164165028
onhoorbaar,99.7391814,0.566793912
de,100.3059753,0.08349773
deur.,100.389473,0.379954005
Voorzichtig,101.402092,0.488957045
schuifel,101.891049,0.46823196
ik,102.359281,0.101895535
de,102.4834115,0.047409728
gang,102.5308212,0.291534447
op,102.8223557,0.198837814
naar,103.0353457,0.114632477
de,103.1499781,0.069864662
volgende,103.2198428,0.387014596
deur.,103.6068574,0.296487702
Een,104.6191462,0.112509653
druk,104.7316559,0.257569268
op,104.9892251,0.1167553
de,105.1059804,0.050932054
bel.,105.1569125,0.322669193
Dan,106.8436775,0.15355091
hol,106.9972284,0.157796557
ik,107.155025,0.119585732
terug,107.3326345,0.278797505
en,107.611432,0.146428142
draai,107.7578602,0.242001895
de,107.9998621,0.065099925
sleutel,108.064962,0.388429812
om,108.4533918,0.097649887
in,108.5510417,0.062269493
het,108.6133112,0.089158593
slot.,108.7024698,0.376762026
Het,109.8587181,0.128077026
krassen,109.9867951,0.341774606
is,110.3285697,0.171948715
gestopt.,110.5005184,0.518283377
De,111.4162108,0.071468396
muur,111.4876792,0.273136642
zwijgt.,111.7608158,0.62160984
Zijn,113.0888533,0.202375854
deurbel,113.2912291,0.314885507
heeft,113.6061147,0.299318133
hem,113.9054328,0.075666229
in,113.981099,0.084912946
verwarring,114.066012,0.378570216
gebracht.,114.4445822,0.523235282
Het,115.1952248,0.12029334
is,115.3155182,0.085620553
me,115.4011387,0.105433574
gelukt.,115.5065723,0.446500572
Een,116.5717573,0.108971614
roofdier,116.6807289,0.515846145
moet,117.1965751,0.239879071
je,117.4364542,0.062394259
afleiden,117.4988484,0.447915788
van,117.9467642,0.110874043
zijn,118.0576382,0.183978049
prooi,118.2416163,0.385441613
je,119.0356133,0.048117336
moet,119.0837307,0.157088949
op,119.2408196,0.069345572
een,119.3101652,0.089866201
andere,119.4000314,0.348143077
plaats,119.8218907,0.292949662
in,120.1148404,0.099772711
zijn,120.2146131,0.165580244
gehoorveld,120.3801933,0.623857204
zijn,121.0040505,0.162042205
aandacht,121.1660927,0.4409647
trekken.,121.6070574,0.332575704
Een,122.9352708,0.113924869
roofdier,123.0491957,0.500278771
kan,123.5924188,0.111094437
zijn,123.7035133,0.177609578
gehoor,123.8811228,0.316300722
maar,124.1974236,0.116362776
op,124.3137863,0.138848686
n,124.452635,0.27030621
punt,124.7229412,0.215112796
richten,124.938054,0.459883169
dat,125.7154027,0.134445497
is,125.8498482,0.128784634
zijn,125.9786328,0.107556398
enige,126.0861892,0.373616961
zwakte.,126.4598062,0.43160983
Geen,128.6245231,0.304271388
fout,128.9287945,0.366855065
meer,129.2956496,0.158504165
maken,129.4541538,0.457256519
zijn,130.1968438,0.186100872
opmerkzaamheid,130.4522902,0.791420018
niet,131.2916235,0.174779146
naar,131.4741864,0.125246595
de,131.599433,0.065099925
muur,131.6645329,0.27134439
richten,131.9358773,0.401009662
muisstil,132.9035706,0.847006632
zijn.,133.7505773,0.33023181
In,135.2080614,0.116047692
zes,135.3241091,0.29719531
tellen,135.6510239,0.224311698
uitademen.,135.8753356,0.602661744
Onhoorbaar,137.1612481,0.821532749
verschuif,137.9827808,0.493140065
ik,138.4759209,0.121000947
mijn,138.5969218,0.115292495
evenwichtspunt,138.7122143,0.873818066
naar,139.5860324,0.129492242
achteren,139.7155246,0.48400379
dan,140.8001773,0.266768171
pas,141.0669455,0.234925816
kom,141.3018713,0.135860713
ik,141.437732,0.105433574
in,141.5431656,0.080432316
beweging.,141.6235979,0.600051482
Dat,142.8509995,0.104018358
is,142.9550179,0.09340424
het,143.0484221,0.100480319
geheim,143.1489024,0.318423546
van,143.467326,0.144352008
katten.,143.611678,0.372516378
Tot,145.1655698,0.106141182
voor,145.271711,0.140813968
kort,145.4818705,0.197422599
woonde,145.6792931,0.290119231
ik,145.9694124,0.223210891
in,146.2343721,0.091989024
mijn,146.3263611,0.119350749
geboortehuis,146.4457119,0.657367721
aan,147.1030796,0.089268095
de,147.1923477,0.045286904
andere,147.2376346,0.300025741
kant,147.5737483,0.172656323
van,147.7464047,0.127369418
de,147.8737741,0.039940675
stad.,147.9137148,0.426687552
Zestig,149.2985354,0.359464803
jaar,149.7188545,0.193176951
wachtte,149.9120315,0.263890825
ik,150.1759223,0.042456473
daar,150.2183788,0.205913893
op,150.4242927,0.125246595
een,150.5495393,0.085053874
man.,150.6345931,0.314177899
Terwijl,151.8694167,0.192469343
ik,152.061886,0.089158593
wachtte,152.1510446,0.505012532
las,152.6560571,0.243417111
ik,152.8994742,0.091281417
de,153.0325045,0.056027588
aankondigingen,153.0885321,0.762093687
in,153.8506258,0.059548114
het,153.9101739,0.108264006
parochieblad,154.0184379,0.791436181
en,155.4581059,0.09694228
keek,155.5939667,0.188223696
naar,155.7821904,0.15355091
de,155.9357413,0.071468396
lottotrekking,156.0072097,0.693063198
op,156.7002729,0.123784464
televisie.,156.8240573,0.593305075
Ik,158.3247367,0.080667298
las,158.405404,0.235633424
de,158.6757102,0.068637964
horoscopen,158.7443482,0.768430731
van,159.5127789,0.20887089
vrouwenbladen,159.7216498,0.927421885
Maar,160.6490717,0.281799391
een,161.5683163,0.09694228
man,161.6652585,0.311347467
kwam,162.0282614,0.190850121
er,162.2191115,0.07359122
niet.,162.2927027,0.300733349
Na,164.0548202,0.180440009
de,164.2352602,0.077129259
dood,164.3123895,0.33045288
van,164.6428424,0.075714043
mijn,164.7185564,0.12520013
ouders,164.8437566,0.401921276
heb,165.2456778,0.098309906
ik,165.3439877,0.07005318
het,165.4140409,0.089866201
huis,165.5039071,0.311347467
van,165.8152546,0.160626989
de,165.9758816,0.052662578
hand,166.0285442,0.207329109
gedaan.,166.2358733,0.439424493
Met,167.3565984,0.066515141
het,167.4231136,0.122416163
geld,167.5455297,0.399090844
kocht,168.0493466,0.205159821
ik,168.2545064,0.048824944
deze,168.3033313,0.314885507
comfortabele,168.6554839,0.560425441
driekamerflat,169.2159094,0.888347485
en,170.1042569,0.111220327
een,170.2154772,0.065099925
siamese,170.2805771,0.506096501
kat.,170.8602648,0.301236276
Een,171.8339647,0.087035769
ideaal,171.9811471,0.422441904
gezelschapsdier,172.403589,1.163937297
zei,173.8778986,0.139398752
de,174.0172974,0.101840334
winkelbediende.,174.1191377,0.650259315
Op,175.8832032,0.088450985
handen,175.9716542,0.303563781
en,176.275218,0.142229184
voeten,176.4174472,0.364748405
sluip,177.1023014,0.419611473
ik,177.5219128,0.13334469
naar,177.6552575,0.105433574
de,177.7606911,0.077129259
keuken,177.8378204,0.46065273
grijp,178.8593231,0.318423546
het,179.1777467,0.104018358
pillendoosje,179.3397889,0.680498836
en,180.4033699,0.110386829
vul,180.5137568,0.286581191
een,180.800338,0.066515141
glas,180.8668531,0.276674681
water.,181.1435278,0.43230195
In,182.6112804,0.118170516
de,182.7294509,0.069345572
woonkamer,182.7987965,0.555960299
kruip,183.4340089,0.309224644
ik,183.7432335,0.118846472
op,183.86208,0.102052626
het,183.9641326,0.082790122
kussen.,184.1014086,0.327622448
Een,185.6128751,0.106141182
tijd,185.7657184,0.249785582
blijf,186.0423931,0.216528011
ik,186.2589211,0.111094437
onbeweeglijk,186.3700155,0.684367447
liggen.,187.054383,0.376053743
Dan,188.4282116,0.175486754
lik,188.6036984,0.206621501
ik,188.8103199,0.147890047
de,189.0261403,0.065807533
slaappil,189.0919478,0.567093057
uit,189.6590409,0.192595909
mijn,189.8516368,0.1167553
geopende,189.9683921,0.433197176
hand.,190.4015893,0.325499625
Het,192.9838916,0.109371807
gekras,193.0932634,0.477635319
heeft,193.5708987,0.160980793
me,193.7318795,0.087711351
wakker,193.8195908,0.256154053
gemaakt.,194.0757449,0.550141219
Het,195.2668186,0.110386829
is,195.3772054,0.133030281
twee,195.5546573,0.257923072
uur.,195.8125804,0.276297645
Nooit,197.0277058,0.288704015
eerder,197.3164098,0.266060563
heb,197.5824703,0.139044948
ik,197.7215153,0.065099925
de,197.7866152,0.053070591
krasgeluiden,197.8849727,0.598242542
s,198.3,0
nachts,198.4832153,0.379608395
gehoord.,198.8628237,0.451061078
Mijn,199.7868078,0.131615066
keel,199.9990901,0.230680169
zit,200.2297703,0.195299775
dicht.,200.4760178,0.380693039
Opgerold,201.8195881,0.592975403
lig,202.4125635,0.193884559
ik,202.606448,0.096234672
op,202.7026827,0.11498628
het,202.8706921,0.029719531
kussen.,202.9414529,0.338944175
Mijn,204.1371414,0.09770036
armen,204.2348418,0.27030621
komen,204.5546805,0.240586679
in,204.7952672,0.082759146
beweging.,204.8780263,0.540423902
Deze,206.4718934,0.237756248
nacht,206.7096496,0.29719531
gaat,207.0068449,0.155673734
het,207.1625187,0.10331075
gebeuren,207.2658294,0.56750152
op,208.1891133,0.106173058
deze,208.2952864,0.257569268
nacht,208.5528557,0.281627936
heeft,208.8344836,0.187814108
de,209.0222977,0.022997256
man,209.045295,0.217235619
gewacht.,209.2625306,0.483453199
De,210.4127433,0.042456473
buren,210.4551998,0.301824537
hebben,210.7570243,0.166287852
zich,210.9233122,0.177609578
teruggetrokken,211.1518695,0.576652608
in,211.7285222,0.059046537
het,211.7875687,0.10331075
cocon,211.9609326,0.372201745
van,212.3331344,0.124185183
de,212.4573195,0.070760788
slaap.,212.5280803,0.483248217
Ik,213.8256083,0.131615066
sta,213.9572234,0.251908405
er,214.2091318,0.106141182
helemaal,214.315273,0.646753602
alleen,214.9620266,0.355219156
voor.,215.3172457,0.305622176
Het,216.5486041,0.124538987
gaat,216.6731431,0.179732402
nu,216.8528755,0.159919381
enkel,217.0127949,0.367956098
tussen,217.433114,0.17690197
de,217.6100159,0.078190671
man,217.6882066,0.361531168
en,218.3893896,0.169825891
mij.,218.5592155,0.25049319
Weg,220.4054366,0.162749812
van,220.5681864,0.188223696
het,220.7564101,0.125954203
kussen,220.9403882,0.345312645
niet,221.5291179,0.130176543
op,221.6592945,0.075006435
mijn,221.7343009,0.131410834
rug,221.8657117,0.183270441
blijven,222.0808245,0.24872417
liggen.,222.3295487,0.367956098
Wie,223.2322634,0.114632477
op,223.3468958,0.120143467
zijn,223.4670393,0.170533499
rug,223.6375728,0.294364878
ligt,223.9319377,0.301425469
geeft,224.2333632,0.228203541
zich,224.4615667,0.146386796
over,224.6079535,0.315593114
dat,224.9235466,0.133737889
weten,225.0572845,0.220773659
zelfs,225.2780582,0.237363198
katten.,225.5826441,0.315593114
Traag,226.9412658,0.543442852
kom,227.5236271,0.121000947
ik,227.644628,0.094819456
overeind.,227.7394475,0.682778526
Drie,229.235848,0.251908405
minuten,229.4877564,0.468436417
na,229.9561928,0.136214517
twee.,230.0924073,0.348143077
Niet,230.5837357,0.148951459
bewegen.,230.7326871,0.48400379
De,232.0787342,0.05660863
minuten,232.1353429,0.335406135
tellen,232.5415098,0.217943227
tot,232.8104008,0.099418907
het,232.9098197,0.091989024
licht,233.0018087,0.261814916
wordt.,233.3018345,0.240232875
Drie,234.6598947,0.225019306
uur.,234.884914,0.342482214
Het,236.1014928,0.127369418
krassen,236.2557513,0.360880019
is,236.6166313,0.133030281
overgegaan,236.7496616,0.711853527
in,237.4615151,0.157088949
klauwen.,237.7041122,0.485419006
Wat,238.8858173,0.089062064
moet,238.9748794,0.121354751
ik,239.0962342,0.059439062
doen?,239.1556732,0.381400647
Kramp,240.4515123,0.325499625
in,240.7770119,0.082082514
mijn,240.8590944,0.172656323
benen.,241.0317507,0.416073433
Zijn,242.1740149,0.158369556
er,242.3323845,0.072310613
al,242.4046951,0.076421651
buren,242.4811168,0.316873721
wakker,242.7979905,0.367602294
of,243.1655928,0.09758576
zwerven,243.2631785,0.300379545
ze,243.5635581,0.087389573
nog,243.6509476,0.175486754
in,243.8264344,0.053303958
de,243.8797384,0.08349773
geluidloze,243.9632361,0.667981839
wereld,244.6312179,0.311347467
van,244.9425654,0.108971614
de,245.051537,0.038210826
slaap.,245.0897478,0.488249437
Vanaf,246.4537925,0.215112796
welk,246.6689053,0.243417111
uur,246.9123224,0.200606834
is,247.1129292,0.148597655
de,247.2615269,0.048824944
nacht,247.3103518,0.288704015
geen,247.5990558,0.165194339
nacht,247.7642502,0.243770915
meer?,248.0080211,0.245335853
Vier,249.2898347,0.333990919
uur.,249.6238257,0.264645347
Verkrampt,251.0158923,0.476927711
rechterbeen.,251.49282,0.693455722
Proberen,252.7776763,0.387769118
om,253.1654454,0.082082514
op,253.247528,0.106141182
mijn,253.3536691,0.110386829
linkerbeen,253.464056,0.476927711
te,253.9409837,0.065099925
steunen.,254.0060836,0.455699475
Geen,254.9551563,0.179732402
enkel,255.1348887,0.274551857
geluid,255.4094405,0.404751707
op,255.8141922,0.108971614
straat.,255.9231639,0.573162383
Nog,257.3951417,0.179732402
n,257.5748741,0.192469343
uur,257.7673434,0.091989024
voor,257.8593325,0.158504165
het,258.0178366,0.107556398
ochtend,258.125393,0.358049587
wordt.,258.4834426,0.288704015
Waarom,260.5897179,0.318423546
stopt,260.9081414,0.285873584
het,261.194015,0.096234672
krassen?,261.3397822,0.445792964
Misschien,262.3575072,0.274551857
heeft,262.6320591,0.21369758
de,262.8457567,0.026889099
man,262.8726458,0.203791069
gewacht,263.0764368,0.386353902
tot,263.4627907,0.107556398
de,263.5703471,0.059439062
vermoeidheid,263.6297862,0.570267748
me,264.2000539,0.067930356
verdooft.,264.2679843,0.503816811
Wakker,265.5973701,0.249077974
blijven.,265.846448,0.430225591
Hij,266.6800101,0.117462908
komt,266.8484208,0.192469343
er,267.0408901,0.048117336
niet,267.0890075,0.243352908
in.,267.3323604,0.225019306
Vijf,268.9002264,0.326914841
uur.,269.2271412,0.239171463
De,270.1907745,0.067930356
nacht,270.2587049,0.298610525
is,270.5573154,0.123123771
nu,270.6804392,0.141521576
echt,270.8219607,0.229264953
voorbij.,271.0512257,0.482588574
De,272.0679134,0.100480319
buren,272.1683937,0.318423546
ontwaken.,272.4868173,0.639677524
Ze,273.6556246,0.110386829
zullen,273.7660114,0.203791069
me,273.9698025,0.10331075
horen,274.0731132,0.268890994
als,274.3420042,0.133030281
ik,274.4750345,0.096234672
om,274.5712692,0.08349773
hulp,274.6547669,0.261814916
roep.,274.9420557,0.219358443
De,275.7082179,0.053778199
man,275.7619961,0.216528011
neemt,275.9785241,0.195299775
een,276.1738239,0.077836867
risico,276.2516607,0.440132101
als,276.6917928,0.128784634
hij,276.8205775,0.113217261
nu,276.9337947,0.100480319
mijn,277.0342751,0.127369418
flat,277.1616445,0.257472964
binnendringt.,277.4191174,0.639677524
Waarom,279.1224983,0.234925816
schijnt,279.3574241,0.313485704
er,279.6709098,0.03679561
nog,279.7077055,0.106141182
steeds,279.8138466,0.278797505
geen,280.0926441,0.175486754
licht,280.2681309,0.189638912
door,280.4577698,0.103938517
het,280.5617083,0.069345572
gordijn,280.6310539,0.418903865
waarop,281.9820463,0.281282101
wacht,282.2633284,0.229264953
het,282.4925933,0.107556398
ochtendlicht?,282.6001497,0.718929606
Om,284.0063353,0.107556398
vijf,284.1138917,0.263230131
uur,284.3771218,0.082082514
worden,284.4592043,0.202375854
de,284.6615802,0.052362983
meeste,284.7139432,0.31700833
misdrijven,285.0309515,0.542027636
gepleegd,285.5729792,0.459848593
heb,286.0328277,0.076421651
ik,286.1092494,0.076421651
in,286.185671,0.084912946
een,286.270584,0.079252083
krant,286.382386,0.2603997
gelezen.,286.6427857,0.466956998
Zes,288.1858372,0.319838762
uur.,288.505676,0.277382289
Een,289.5022048,0.087743377
vrachtwagen,289.5899482,0.612788424
claxonneert,290.2027366,0.643923171
op,290.8466598,0.087333339
straat,290.9339931,0.4939103
de,291.9800546,0.049532552
stad,292.0295871,0.283043152
komt,292.3310281,0.206621501
terug,292.5376496,0.22360409
tot,292.8065406,0.101895535
leven.,292.9480622,0.458529906
De,294.5855875,0.035726004
buren,294.6213135,0.333990919
komen,294.9793631,0.183978049
nu,295.1633411,0.106141182
uit,295.2694823,0.169825891
hun,295.4393082,0.078190671
bed.,295.5174988,0.316654526
Waarom,296.1294592,0.283043152
hoor,296.4125024,0.298610525
ik,296.7111129,0.128784634
niets?,296.8398975,0.451453827
Het,298.1172985,0.099065103
is,298.2163636,0.144352008
ochtend.,298.3607156,0.445792964
Het,298.8065086,0.08526675
moet,298.8917753,0.22360409
ochtend,299.1153794,0.418550061
zijn.,299.5339295,0.332575704
Zeven,300.8279353,0.346727861
uur.,301.1746631,0.237756248
De,302.1641159,0.058023846
lift,302.2221398,0.31700833
komt,302.5632068,0.243417111
met,302.8066239,0.094819456
een,302.9014433,0.144352008
brommend,303.0457953,0.380693039
geluid,303.4264884,0.326472477
in,303.7529609,0.09340424
beweging.,303.8463651,0.573162383
Ergens,305.3934129,0.319428724
boven,305.7128416,0.304271388
mijn,306.017113,0.147182439
hoofd,306.1642955,0.314177899
huilt,306.4784734,0.325499625
een,306.803973,0.136520056
kind.,306.940493,0.406166923
Houd,308.1963199,0.116047692
je,308.3123676,0.117462908
kop!,308.4298305,0.312762683
schreeuwt,309.4969032,0.28508561
iemand.,309.7819888,0.404751707
Eindelijk,311.1089223,0.469851632
de,311.5787739,0.062269493
vertrouwde,311.6410434,0.492495084
geluiden,312.1335385,0.350973508
van,312.484512,0.124538987
het,312.609051,0.117462908
gebouw.,312.7265139,0.408209381
De,313.5140011,0.057203546
stilte,313.5712046,0.331160488
van,313.9023651,0.133030281
de,314.0353954,0.065099925
nacht,314.1004953,0.25049319
heb,314.3509885,0.067930356
ik,314.4189189,0.099065103
overleefd.,314.517984,0.578823246
Ik,315.8668374,0.114632477
laat,315.9814699,0.168410675
me,316.1498805,0.097649887
weer,316.2475304,0.134445497
op,316.3819759,0.091989024
m'n,316.4739649,0.175486754
kussen,316.6494517,0.284458368
zakken,316.9339101,0.382108255
trek,317.7110484,0.246247542
mijn,317.9572959,0.138691144
 benen,318.0959871,0.333990919
op,318.429978,0.208036717
en,318.6380147,0.113217261
sluit,318.751232,0.397675629
mijn,319.1489076,0.123751013
ogen.,319.2726586,0.428810375
De,320.6342811,0.067930356
ketens,320.7984461,0.471266848
van,321.2697129,0.084912946
de,321.3546259,0.053778199
slaap,321.4084041,0.418903865
kunnen,321.8697644,0.150012871
me,322.0197773,0.048117336
niet,322.0678946,0.18680848
meer,322.2547031,0.103905666
verontrusten.,322.3586088,0.692040507
Traag,324.4564569,0.433056023
open,324.8895129,0.382108255
ik,325.2716212,0.108971614
mijn,325.3805928,0.178317186
ogen.,325.55891,0.384938687
Zonnestralen,326.8631679,0.83780773
branden,327.7009757,0.486834221
door,328.1878099,0.133030281
de,328.3208402,0.14010636
dunne,328.4609465,0.207248743
gordijnen.,328.6681953,0.543442852
Iemand,329.9682399,0.25049319
spoelt,330.2187331,0.356634372
een,330.5753674,0.13019985
toilet,330.7055673,0.495325516
door.,331.2376884,0.407582139
Een,331.6452706,0.189164221
vrouw,331.8344348,0.401921276
huilt,332.2363561,0.47409728
een,332.7387577,0.13579651
man,332.8745542,0.217943227
lacht,333.0924974,0.285873584
hard.,333.378371,0.389184334
Het,334.6058614,0.121708555
zijn,334.72757,0.171241107
de,334.8988111,0.050947767
gewone,334.9497589,0.360880019
middaggeluiden.,335.3106389,0.820825141
Ik,336.9683872,0.127369418
takel,337.2033131,0.407582139
mijn,337.6108952,0.13019985
lijf,337.741095,0.372201745
op,338.1132968,0.274551857
strompel,338.8373484,0.54061242
naar,339.3779608,0.117462908
de,339.4954237,0.090573809
keuken,339.6610039,0.329745272
en,339.9907492,0.118878124
open,340.1096273,0.368961276
een,340.4785886,0.123123771
blik.,340.6017124,0.348143077
De,342.6110613,0.059439062
lift,342.6705003,0.292949662
in,342.96345,0.113217261
de,343.0766673,0.110386829
trappenhal,343.2082823,0.44720818
bromt.,343.6554905,0.448623396
Dan,344.9795938,0.097649887
stopt,345.0772437,0.308517036
ze.,345.3857607,0.18680848
Geen,346.2221532,0.179257711
risico,346.4014109,0.358049587
nemen.,346.7594605,0.318423546
Ik,347.0778841,0.13019985
moet,347.2080839,0.195299775
weten,347.4033837,0.25049319
wat,347.6538769,0.111359906
daar,347.7652368,0.111802045
gebeurt.,347.8770388,0.45711469
Voorzichtig,348.9994898,0.502401595
naar,349.5018914,0.141521576
de,349.643413,0.048117336
deur,349.6915303,0.239171463
sluipen.,349.9307018,0.537781989
Stemmen,351.0142503,0.36371045
in,351.3779607,0.089158593
de,351.4671193,0.097649887
trappenhal.,351.5647692,0.592975403
Mijn,353.0647048,0.096234672
rechteroog,353.1609395,0.646753602
loert,353.8076931,0.442962533
door,354.2888665,0.121708555
het,354.410575,0.107556398
kleine,354.5535118,0.284707673
ronde,354.8382195,0.346727861
deurgaatje.,355.1849474,0.69770137
Twee,356.7602353,0.168410675
buurvrouwen.,356.9286459,0.706192664
Kijk,357.7041842,0.2603997
ze,358.3971333,0.075006435
staat,358.4721398,0.326914841
daar,358.7990546,0.137275929
weer,358.9363305,0.198130206
zegt,359.1344607,0.2335106
de,359.3679713,0.049532552
ene,359.4175039,0.182562833
vrouw,359.6000667,0.298610525
je,360.4026787,0.069345572
ziet,360.4720243,0.253323621
de,360.7253479,0.043871689
schaduw,360.7692196,0.416073433
van,361.185293,0.151428086
haar,361.3367211,0.089158593
voeten,361.4258797,0.254738837
onder,361.6806186,0.217943227
de,361.8985618,0.121708555
deur.,362.0202703,0.297509043
Mijn,363.4539725,0.152843302
blik,363.6068158,0.261814916
glijdt,363.8686307,0.448623396
naar,364.3441432,0.12029334
de,364.4644365,0.076421651
tochtspleet,364.6031277,0.686660826
de,365.7936053,0.087647073
onbedekte,365.8812524,0.5207994
strook,366.4020518,0.523629831
tussen,366.9662805,0.225019306
de,367.1912998,0.09340424
onderkant,367.284704,0.421734296
van,367.7064383,0.203791069
de,367.9102294,0.07359122
deur,367.9838206,0.223539662
en,368.2073603,0.12029334
de,368.3276536,0.07359122
drempel.,368.4012449,0.433056023
Ze,370.0161267,0.089158593
staat,370.1052853,0.384938687
daar,370.490224,0.100480319
dikwijls,370.6515586,0.594390619
zegt,371.2997274,0.22360409
de,371.5233315,0.029719531
andere,371.553051,0.298168161
vrouw,371.8512192,0.339651782
vaak,372.5526917,0.263230131
als,372.8159219,0.146868481
ik,372.9627904,0.096234672
de,373.059025,0.089158593
lift,373.1481836,0.217943227
neem.,373.3661268,0.379591782
Dat,375.0712048,0.099065103
mens,375.1702699,0.283043152
maakt,375.4533131,0.22360409
me,375.6769171,0.128784634
bang,375.8057018,0.394845197
zegt,376.5131808,0.191054128
de,376.7042349,0.048117336
eerste,376.7523523,0.288704015
vrouw.,377.0410563,0.356634372
Soms,377.7005468,0.2691403
neem,377.9696871,0.157088949
ik,378.1267761,0.111802045
de,378.2385781,0.075006435
trap,378.3928366,0.229264953
omdat,378.6221016,0.206621501
ik,378.8287231,0.106141182
niet,378.9348643,0.200960638
met,379.1358249,0.151428086
de,379.287253,0.038114296
lift,379.3253673,0.234925816
durf.,379.5602931,0.455699475
Het,381.0280567,0.104725966
is,381.1327827,0.13019985
een,381.2629825,0.082082514
eng,381.3804455,0.158504165
wijf,381.5389496,0.47409728
zegt,382.5429294,0.208036717
de,382.7509661,0.031134747
eerste,382.7821008,0.305686604
vrouw,383.0877874,0.350973508
ze,383.8345148,0.106141182
verlaat,383.940656,0.39059955
haar,384.3312555,0.101895535
flat,384.433151,0.28021272
alleen,384.7133638,0.226434522
maar,384.9397983,0.134445497
om,385.0742438,0.154258518
naar,385.2285023,0.110386829
de,385.3388891,0.049532552
winkel,385.3884217,0.289298931
te,385.6777206,0.079252083
gaan,385.7569727,0.198130206
voor,385.9551029,0.117462908
kattenvoer.,386.1532331,0.594390619
Ze,387.1946712,0.131615066
praat,387.3814797,0.345312645
tegen,387.7267923,0.212282364
niemand.,387.9390747,0.575992814
Ze,389.2394647,0.100480319
woont,389.339945,0.225019306
hier,389.5649643,0.08349773
alleen,389.648462,0.249077974
maar,389.89754,0.25049319
met,390.3956959,0.131615066
haar,390.527311,0.162749812
siamese,390.6900608,0.540170281
kater,391.3024071,0.450038612
zegt,392.0654254,0.205206285
de,392.2706317,0.050947767
eerste,392.3215794,0.271721426
stem.,392.5933009,0.36371045
Geschrokken,394.5092778,0.478342927
schuif,394.9876208,0.370786529
ik,395.3584073,0.13019985
weg,395.4886071,0.168410675
van,395.6570178,0.159919381
de,395.8169372,0.067930356
deur.,395.8848676,0.362295235
Mijn,397.0033864,0.05660863
scherpe,397.059995,0.407582139
vingernagels,397.4675772,0.798181689
schrammen,398.2657589,0.446765816
mijn,398.7125247,0.145767223
knie,398.8582919,0.45711469
Op,400.2489103,0.094819456
handen,400.3437298,0.331160488
en,400.6748903,0.107556398
voeten,400.7824467,0.421734296
kruip,401.5226045,0.313703433
ik,401.8363079,0.137275929
onhoorbaar,401.9735839,0.652414465
naar,402.6259983,0.137275929
de,402.7632743,0.048117336
woonkamer.,402.8113916,0.647067111
Ondertussen,404.284406,0.498155948
weet,404.782562,0.209451932
ik,404.9920139,0.107556398
hoe,405.0995703,0.151428086
dat,405.2509984,0.152843302
moet.,405.4038417,0.315593114
Ik,407.1354625,0.113217261
ga,407.2486797,0.101895535
op,407.3505753,0.113217261
het,407.4637925,0.094819456
kussen,407.6123902,0.256154053
liggen,407.8685442,0.370786529
en,408.2393308,0.100480319
rol,408.3398111,0.278700976
mezelf,408.6185121,0.451453827
op.,409.0699659,0.246247542
Waarom,410.5575104,0.182562833
wilde,410.7400733,0.350973508
het,411.0910468,0.101895535
beest,411.1929423,0.404751707
dit,411.597694,0.135860713
kussen,411.8255438,0.235207223
niet,412.060751,0.117462908
met,412.1782139,0.14010636
me,412.3183202,0.144352008
delen?,412.4626722,0.495325516
Waarom,413.9848734,0.271721426
moest,414.2565948,0.174071538
ik,414.4306664,0.075006435
de,414.5552054,0.07359122
kater,414.68399,0.384938687
eruit,415.0689287,0.322669193
gooien,415.3915979,0.431544278
om,415.8231422,0.152843302
deze,415.9759855,0.227849737
slaapplek,416.2038352,0.643513133
te,417.120485,0.077836867
behouden,417.1983218,0.428713621
in,417.6270355,0.080667298
mijn,417.7077028,0.116047692
eigen,417.8237504,0.291534447
flat?,418.1152849,0.421734296